press_id,title,type,missing_number,seq_min,seq_max,present_numbers,issue_count,claimed_numbers
16,Anigdot,газета,20,19,51,"19,22,24,25,26,27,28,36,37,38,39,40,41,42,43,44,45,46,47,50,51",21,19
16,Anigdot,газета,21,19,51,"19,22,24,25,26,27,28,36,37,38,39,40,41,42,43,44,45,46,47,50,51",21,19
16,Anigdot,газета,23,19,51,"19,22,24,25,26,27,28,36,37,38,39,40,41,42,43,44,45,46,47,50,51",21,19
16,Anigdot,газета,29,19,51,"19,22,24,25,26,27,28,36,37,38,39,40,41,42,43,44,45,46,47,50,51",21,19
16,Anigdot,газета,30,19,51,"19,22,24,25,26,27,28,36,37,38,39,40,41,42,43,44,45,46,47,50,51",21,19
16,Anigdot,газета,31,19,51,"19,22,24,25,26,27,28,36,37,38,39,40,41,42,43,44,45,46,47,50,51",21,19
16,Anigdot,газета,32,19,51,"19,22,24,25,26,27,28,36,37,38,39,40,41,42,43,44,45,46,47,50,51",21,19
16,Anigdot,газета,33,19,51,"19,22,24,25,26,27,28,36,37,38,39,40,41,42,43,44,45,46,47,50,51",21,19
16,Anigdot,газета,34,19,51,"19,22,24,25,26,27,28,36,37,38,39,40,41,42,43,44,45,46,47,50,51",21,19
16,Anigdot,газета,35,19,51,"19,22,24,25,26,27,28,36,37,38,39,40,41,42,43,44,45,46,47,50,51",21,19
16,Anigdot,газета,48,19,51,"19,22,24,25,26,27,28,36,37,38,39,40,41,42,43,44,45,46,47,50,51",21,19
16,Anigdot,газета,49,19,51,"19,22,24,25,26,27,28,36,37,38,39,40,41,42,43,44,45,46,47,50,51",21,19
32,Bred,газета,3,1,13,"1,2,7,10,11,13",6,13
305,Bred,газета,3,1,13,"1,2,10,13",4,2
32,Bred,газета,4,1,13,"1,2,7,10,11,13",6,13
305,Bred,газета,4,1,13,"1,2,10,13",4,2
32,Bred,газета,5,1,13,"1,2,7,10,11,13",6,13
305,Bred,газета,5,1,13,"1,2,10,13",4,2
32,Bred,газета,6,1,13,"1,2,7,10,11,13",6,13
305,Bred,газета,6,1,13,"1,2,10,13",4,2
305,Bred,газета,7,1,13,"1,2,10,13",4,2
32,Bred,газета,8,1,13,"1,2,7,10,11,13",6,13
305,Bred,газета,8,1,13,"1,2,10,13",4,2
32,Bred,газета,9,1,13,"1,2,7,10,11,13",6,13
305,Bred,газета,9,1,13,"1,2,10,13",4,2
305,Bred,газета,11,1,13,"1,2,10,13",4,2
32,Bred,газета,12,1,13,"1,2,7,10,11,13",6,13
305,Bred,газета,12,1,13,"1,2,10,13",4,2
45,Crossroads,газета,6,4,7,"4,5,7",3,3
61,Dune,журнал,4,1,7,"1,2,3,6,7",5,5
61,Dune,журнал,5,1,7,"1,2,3,6,7",5,5
67,Energy,газета,9,1,99,"1,2,3,4,5,6,7,8,26,85,97,99",12,12
67,Energy,газета,10,1,99,"1,2,3,4,5,6,7,8,26,85,97,99",12,12
67,Energy,газета,11,1,99,"1,2,3,4,5,6,7,8,26,85,97,99",12,12
67,Energy,газета,12,1,99,"1,2,3,4,5,6,7,8,26,85,97,99",12,12
67,Energy,газета,13,1,99,"1,2,3,4,5,6,7,8,26,85,97,99",12,12
67,Energy,газета,14,1,99,"1,2,3,4,5,6,7,8,26,85,97,99",12,12
67,Energy,газета,15,1,99,"1,2,3,4,5,6,7,8,26,85,97,99",12,12
67,Energy,газета,16,1,99,"1,2,3,4,5,6,7,8,26,85,97,99",12,12
67,Energy,газета,17,1,99,"1,2,3,4,5,6,7,8,26,85,97,99",12,12
67,Energy,газета,18,1,99,"1,2,3,4,5,6,7,8,26,85,97,99",12,12
67,Energy,газета,19,1,99,"1,2,3,4,5,6,7,8,26,85,97,99",12,12
67,Energy,газета,20,1,99,"1,2,3,4,5,6,7,8,26,85,97,99",12,12
67,Energy,газета,21,1,99,"1,2,3,4,5,6,7,8,26,85,97,99",12,12
67,Energy,газета,22,1,99,"1,2,3,4,5,6,7,8,26,85,97,99",12,12
67,Energy,газета,23,1,99,"1,2,3,4,5,6,7,8,26,85,97,99",12,12
67,Energy,газета,24,1,99,"1,2,3,4,5,6,7,8,26,85,97,99",12,12
67,Energy,газета,25,1,99,"1,2,3,4,5,6,7,8,26,85,97,99",12,12
67,Energy,газета,86,1,99,"1,2,3,4,5,6,7,8,26,85,97,99",12,12
67,Energy,газета,87,1,99,"1,2,3,4,5,6,7,8,26,85,97,99",12,12
67,Energy,газета,88,1,99,"1,2,3,4,5,6,7,8,26,85,97,99",12,12
67,Energy,газета,89,1,99,"1,2,3,4,5,6,7,8,26,85,97,99",12,12
67,Energy,газета,90,1,99,"1,2,3,4,5,6,7,8,26,85,97,99",12,12
67,Energy,газета,91,1,99,"1,2,3,4,5,6,7,8,26,85,97,99",12,12
67,Energy,газета,92,1,99,"1,2,3,4,5,6,7,8,26,85,97,99",12,12
67,Energy,газета,93,1,99,"1,2,3,4,5,6,7,8,26,85,97,99",12,12
67,Energy,газета,94,1,99,"1,2,3,4,5,6,7,8,26,85,97,99",12,12
67,Energy,газета,95,1,99,"1,2,3,4,5,6,7,8,26,85,97,99",12,12
67,Energy,газета,96,1,99,"1,2,3,4,5,6,7,8,26,85,97,99",12,12
67,Energy,газета,98,1,99,"1,2,3,4,5,6,7,8,26,85,97,99",12,12
324,Enigma Tape Magazine,журнал,3,1,9,"1,2,5,6,7,8,9",7,9
324,Enigma Tape Magazine,журнал,4,1,9,"1,2,5,6,7,8,9",7,9
68,Erotic,газета,20,0,28,"0,1,2,3,4,5,6,7,8,9,10,11,12,13,14,15,16,17,18,19,25,26,27,28",24,24
68,Erotic,газета,21,0,28,"0,1,2,3,4,5,6,7,8,9,10,11,12,13,14,15,16,17,18,19,25,26,27,28",24,24
68,Erotic,газета,22,0,28,"0,1,2,3,4,5,6,7,8,9,10,11,12,13,14,15,16,17,18,19,25,26,27,28",24,24
68,Erotic,газета,23,0,28,"0,1,2,3,4,5,6,7,8,9,10,11,12,13,14,15,16,17,18,19,25,26,27,28",24,24
68,Erotic,газета,24,0,28,"0,1,2,3,4,5,6,7,8,9,10,11,12,13,14,15,16,17,18,19,25,26,27,28",24,24
75,Fantom,газета,2,1,3,"1,3",2,2
79,Flash Info,газета,13,1,20,"1,2,3,4,5,6,7,8,9,10,11,12,14,15,16,17,18,19,20",19,19
84,Fuck,газета,2,1,11,"1,3,8,9,10,11",6,6
84,Fuck,газета,4,1,11,"1,3,8,9,10,11",6,6
84,Fuck,газета,5,1,11,"1,3,8,9,10,11",6,6
84,Fuck,газета,6,1,11,"1,3,8,9,10,11",6,6
84,Fuck,газета,7,1,11,"1,3,8,9,10,11",6,6
94,Hacker,газета,2,1,7,"1,6,7",3,3
94,Hacker,газета,3,1,7,"1,6,7",3,3
94,Hacker,газета,4,1,7,"1,6,7",3,3
94,Hacker,газета,5,1,7,"1,6,7",3,3
98,Humor in Exchange,газета,1,0,7,"0,7",2,2
98,Humor in Exchange,газета,2,0,7,"0,7",2,2
98,Humor in Exchange,газета,3,0,7,"0,7",2,2
98,Humor in Exchange,газета,4,0,7,"0,7",2,2
98,Humor in Exchange,газета,5,0,7,"0,7",2,2
98,Humor in Exchange,газета,6,0,7,"0,7",2,2
109,Last 128,газета,7,1,9,"1,2,3,4,5,6,8,9",11,11
112,Listok,газета,7,4,24,"4,5,6,8,9,10,11,12,13,14,15,16,17,18,19,20,21,22,23,24",20,20
125,Modern,газета,2,1,20,"1,3,4,5,6,7,8,9,10,11,12,13,15,16,17,18,19,20",19,19
125,Modern,газета,14,1,20,"1,3,4,5,6,7,8,9,10,11,12,13,15,16,17,18,19,20",19,19
130,Murzilka,газета,4,3,9,"3,7,8,9",4,4
130,Murzilka,газета,5,3,9,"3,7,8,9",4,4
130,Murzilka,газета,6,3,9,"3,7,8,9",4,4
136,Netus News,газета,2,1,11,"1,5,7,9,10,11",6,6
136,Netus News,газета,3,1,11,"1,5,7,9,10,11",6,6
136,Netus News,газета,4,1,11,"1,5,7,9,10,11",6,6
136,Netus News,газета,6,1,11,"1,5,7,9,10,11",6,6
136,Netus News,газета,8,1,11,"1,5,7,9,10,11",6,6
334,Pointovka Report,отчёт,2,1,4,"1,3,4",3,4
176,RST,журнал,3,1,4,"1,2,4",3,3
182,Scream,журнал,5,1,11,"1,2,3,4,11",5,5
182,Scream,журнал,6,1,11,"1,2,3,4,11",5,5
182,Scream,журнал,7,1,11,"1,2,3,4,11",5,5
182,Scream,журнал,8,1,11,"1,2,3,4,11",5,5
182,Scream,журнал,9,1,11,"1,2,3,4,11",5,5
182,Scream,журнал,10,1,11,"1,2,3,4,11",5,5
222,Time,газета,2,1,24,"1,3,5,6,7,13,15,16,19,20,21,24",12,9
222,Time,газета,4,1,24,"1,3,5,6,7,13,15,16,19,20,21,24",12,9
222,Time,газета,8,1,24,"1,3,5,6,7,13,15,16,19,20,21,24",12,9
222,Time,газета,9,1,24,"1,3,5,6,7,13,15,16,19,20,21,24",12,9
222,Time,газета,10,1,24,"1,3,5,6,7,13,15,16,19,20,21,24",12,9
222,Time,газета,11,1,24,"1,3,5,6,7,13,15,16,19,20,21,24",12,9
222,Time,газета,12,1,24,"1,3,5,6,7,13,15,16,19,20,21,24",12,9
222,Time,газета,14,1,24,"1,3,5,6,7,13,15,16,19,20,21,24",12,9
222,Time,газета,17,1,24,"1,3,5,6,7,13,15,16,19,20,21,24",12,9
222,Time,газета,18,1,24,"1,3,5,6,7,13,15,16,19,20,21,24",12,9
222,Time,газета,22,1,24,"1,3,5,6,7,13,15,16,19,20,21,24",12,9
222,Time,газета,23,1,24,"1,3,5,6,7,13,15,16,19,20,21,24",12,9
230,Virtual World,газета,13,1,14,"1,2,3,4,5,6,7,8,9,10,11,12,14",13,13
