category,press_id,title,type,issue_count,claimed_numbers,online_issues,seq_min,seq_max,present_numbers,missing_numbers,missing_count,all_titles
internal_gap,67,Energy,газета,12,12,12,1,99,"1,2,3,4,5,6,7,8,26,85,97,99","9,10,11,12,13,14,15,16,17,18,19,20,21,22,23,24,25,86,87,88,89,90,91,92,93,94,95,96,98",29,01 | 02 | 03 | 04 | 05 | 06 | 07 | 08 | 26 | 85 | 97 | 99
internal_gap,16,Anigdot,газета,21,19,19,19,51,"19,22,24,25,26,27,28,36,37,38,39,40,41,42,43,44,45,46,47,50,51","20,21,23,29,30,31,32,33,34,35,48,49",12,19 | 22 | 24 | 25 | 26 | 27 | 28 | 36 | 37 | 38 | 39 | 40 | 41 | 42 | 43 | 44 | 45 | 46 | 47 | 50 | 51
internal_gap,222,Time,газета,12,9,1,1,24,"1,3,5,6,7,13,15,16,19,20,21,24","2,4,8,9,10,11,12,14,17,18,22,23",12,01 | 03 | 05 | 06 | 07 | 13 | 15 | 16 | 19 | 20 | 21 | 24
internal_gap,305,Bred,газета,4,2,2,1,13,"1,2,10,13","3,4,5,6,7,8,9,11,12",9,01 | 02 | 10 | 13
internal_gap,32,Bred,газета,6,13,4,1,13,"1,2,7,10,11,13","3,4,5,6,8,9,12",7,01 | 02 | 07 | 10 | 11 | 13
internal_gap,98,Humor in Exchange,газета,2,2,2,0,7,"0,7","1,2,3,4,5,6",6,00 | 07
internal_gap,182,Scream,журнал,5,5,5,1,11,"1,2,3,4,11","5,6,7,8,9,10",6,01 | 02 | 03 | 04 | 11
internal_gap,68,Erotic,газета,24,24,24,0,28,"0,1,2,3,4,5,6,7,8,9,10,11,12,13,14,15,16,17,18,19,25,26,27,28","20,21,22,23,24",5,00 | 01 | 02 | 03 | 04 | 05 | 06 | 07 | 08 | 09 | 10 | 11 | 12 | 13 | 14 | 15 | 16 | 17 | 18 | 19 | 25 | 26 | 27 | 28
internal_gap,84,Fuck,газета,6,6,4,1,11,"1,3,8,9,10,11","2,4,5,6,7",5,01 | 03 | 08 | 09 | 10 | 11
internal_gap,136,Netus News,газета,6,6,6,1,11,"1,5,7,9,10,11","2,3,4,6,8",5,01 | 05 | 07 | 09 | 10 | 11
internal_gap,94,Hacker,газета,3,3,3,1,7,"1,6,7","2,3,4,5",4,01 | 06 | 07
internal_gap,130,Murzilka,газета,4,4,4,3,9,"3,7,8,9","4,5,6",3,03 | 07 | 08 | 09
internal_gap,61,Dune,журнал,5,5,5,1,7,"1,2,3,6,7","4,5",2,01 | 02 | 03 | 06 | 07
internal_gap,324,Enigma Tape Magazine,журнал,7,9,0,1,9,"1,2,5,6,7,8,9","3,4",2,01 | 02 | 05 | 06 | 07 | 08 | 09
internal_gap,125,Modern,газета,19,19,0,1,20,"1,3,4,5,6,7,8,9,10,11,12,13,15,16,17,18,19,20","2,14",2,01 | 03 | 04 | 05 | 06 | 07 | 08 | 09 | 10 | 11 | 12 | 13 | 15 | 16 | 17 | 18 | 19 | 20 | A
internal_gap,45,Crossroads,газета,3,3,3,4,7,"4,5,7",6,1,04 | 05 | 07
internal_gap,75,Fantom,газета,2,2,2,1,3,"1,3",2,1,01 | 03
internal_gap,79,Flash Info,газета,19,19,19,1,20,"1,2,3,4,5,6,7,8,9,10,11,12,14,15,16,17,18,19,20",13,1,01 | 02 | 03 | 04 | 05 | 06 | 07 | 08 | 09 | 10 | 11 | 12 | 14 | 15 | 16 | 17 | 18 | 19 | 20
internal_gap,109,Last 128,газета,11,11,11,1,9,"1,2,3,4,5,6,8,9",7,1,01 | 02 | 03 | 3.5 | 04 | 05 | 06 | 08 | 8.025 | 09 | M!R 01
internal_gap,112,Listok,газета,20,20,14,4,24,"4,5,6,8,9,10,11,12,13,14,15,16,17,18,19,20,21,22,23,24",7,1,04 | 05 | 06 | 08 | 09 | 10 | 11 | 12 | 13 | 14 | 15 | 16 | 17 | 18 | 19 | 20 | 21 | 22 | 23 | 24
internal_gap,334,Pointovka Report,отчёт,3,4,0,1,4,"1,3,4",2,1,01 | 03 | 04
internal_gap,176,RST,журнал,3,3,3,1,4,"1,2,4",3,1,01 | 02 | 04
internal_gap,230,Virtual World,газета,13,13,13,1,14,"1,2,3,4,5,6,7,8,9,10,11,12,14",13,1,01 | 02 | 03 | 04 | 05 | 06 | 07 | 08 | 09 | 10 | 11 | 12 | 14
starts_mid_sequence,128,MSF,журнал,11,11,11,19,29,"19,20,21,22,23,24,25,26,27,28,29","1,2,3,4,5,6,7,8,9,10,11,12,13,14,15,16,17,18",18,19 | 20 | 21 | 22 | 23 | 24 | 25 | 26 | 27 | 28 | 29
starts_mid_sequence,29,Bonus,газета,6,5,5,15,19,"15,16,17,18,19","1,2,3,4,5,6,7,8,9,10,11,12,13,14",14,15 - 19 | 15 | 16 | 17 | 18 | 19
starts_mid_sequence,302,Info Guide,журнал,16,9,9,5,14,"5,6,7,8,9,10,11,12,13,14","1,2,3,4",4,05 | 05 | 06 | 06 | 07 | 07 | 08 | 08 | 09 | 09 | 10 | 10 | 11 | 12 | 13 | 14
starts_mid_sequence,21,Balagan,газета,2,2,2,2,3,"2,3",1,1,02 | 03
starts_mid_sequence,146,Offline,газета,3,4,3,2,4,"2,3,4",1,1,02 | 03 | 04
starts_mid_sequence,317,Prikoly,газета,3,3,3,2,4,"2,3,4",1,1,02 | 03 | 04
starts_mid_sequence,220,Terminal,газета,2,2,2,2,3,"2,3",1,1,02 | 03
starts_mid_sequence,266,ZX Live,газета,3,3,3,2,4,"2,3,4",1,1,02 | 03 | 04
claimed_gt_max,314,Outlet,журнал,61,148,2,1,60,"1,2,3,4,5,6,7,8,9,10,11,12,13,14,15,16,17,18,19,20,21,22,23,24,25,26,27,28,29,30,31,32,33,34,35,36,37,38,39,40,41,42,43,44,45,46,47,48,49,50,51,52,53,54,55,56,57,58,59,60","61,62,63,64,65,66,67,68,69,70,71,72,73,74,75,76,77,78,79,80,81,82,83,84,85,86,87,88,89,90,91,92,93,94,95,96,97,98,99,100,101,102,103,104,105,106,107,108,109,110,111,112,113,114,115,116,117,118,119,120,121,122,123,124,125,126,127,128,129,130,131,132,133,134,135,136,137,138,139,140,141,142,143,144,145,146,147,148",88,1-3 | 001 | 002 | 003 | 004 | 005 | 006 | 007 | 008 | 009 | 010 | 011 | 012 | 013 | 014 | 015 | 016 | 017 | 018 | 019 | 020 | 021 | 022 | 023 | 024 | 025 | 026 | 027 | 028 | 029 | 030 | 031 | 032 | 033 | 034 | 035 | 036 | 037 | 038 | 039 | 040 | 041 | 042 | 043 | 044 | 045 | 046 | 047 | 048 | 049 | 050 | 051 | 052 | 053 | 054 | 055 | 056 | 057 | 058 | 059 | 060
