periodical_id,title,year,issue_count_year,present_numbers,missing_numbers,missing_count,status,special_nos
1,ZX-Ревю,1992,6,"1,2,3,4,5,6,7,8,9,10,11,12",,0,ok,
1,ZX-Ревю,1993,6,"1,2,3,4,5,6,7,8,9,10,11,12",,0,ok,
1,ZX-Ревю,1994,6,"1,2,3,4,5,6",,0,ok,
1,ZX-Ревю,1995,6,"1,2,3,4,5,6",,0,ok,
1,ZX-Ревю,1996,6,"1,2,3,4,5,6,7,8,9",,0,ok,
1,ZX-Ревю,1997,1,"1,2",,0,ok,
2,ZX-Ревю (Экос),1993,6,"1,2,3,4,5,6,7,8,9,10,11,12",,0,ok,
3,ZX-Ревю Украина,1995,5,"1,2,3,4,5,6",,0,ok,
3,ZX-Ревю Украина,1996,2,"1,2,3",,0,ok,
4,ZX+еще,1991,1,1,,0,ok,
5,Байтик,1991,4,"1,2,3,4",,0,ok,
5,Байтик,1992,1,1,,0,ok,
6,Абзац,2000,2,"1,2",,0,ok,
6,Абзац,2001,7,"3,4,5,6,7,8,9",,0,ok,
6,Абзац,2002,5,"10,11,12,13,14",,0,ok,
6,Абзац,2003,4,"15,16,17,18",,0,ok,
6,Абзац,2004,3,"19,20,21",,0,ok,
6,Абзац,2005,4,"22,23,24,25",,0,ok,
6,Абзац,2006,4,"26,27,28,29",,0,ok,
6,Абзац,2007,2,"30,31",,0,ok,
6,Абзац,2009,1,32,,0,ok,
