press_id,title,type,issue_count,claimed_numbers,online_issues,slug_ru
18,Antivel,газета,1,1,1,antivel
305,Bred,газета,4,2,2,bred-2
47,C-Net Week,газета,24,24,24,c-net-week
338,cafe photo album,отчёт,1,1,1,cafe-photo-album
337,CAFe'2003,отчёт,1,1,0,cafe-2003
302,Info Guide,журнал,16,9,9,info-guide
342,KiiA Info,газета,6,6,6,kiia-info
323,Mask,газета,1,1,1,mask-2
147,On-Line,газета,85,85,85,on-line
301,Opex,газета,9,9,9,opex
314,Outlet,журнал,61,148,2,outlet
278,ZX Rulez Magazine,журнал,1,1,1,zx-rulez-magazine
310,ZX-Files,журнал,1,1,1,zx-files
