vtrd_list,vtrd_name,vtrd_folder,vtrd_count,local_id,local_title,local_type,local_count,missing_from_local_count,missing_from_local_labels,extra_on_local_count,extra_on_local_titles,vtrd_all_labels,local_all_titles,note
2,Za Rulem Печатное Слово (pdf),zrps,28,246,Za Rulem,газета,3,27,03 | 04 | 05 | 06 | 07 | 08 | 09 | 10 | 11 | 12 | 13 | 14 | 15 | 16 | 17 | 18 | 19 | 20 | 21 | 22 | 23 | 24 | 25 | 26 | 27 | 28 | 29,2,00 | 01,02 | 03 | 04 | 05 | 06 | 07 | 08 | 09 | 10 | 11 | 12 | 13 | 14 | 15 | 16 | 17 | 18 | 19 | 20 | 21 | 22 | 23 | 24 | 25 | 26 | 27 | 28 | 29,00 | 01 | 02,
2,Spectrofon,spectrof,48,202,Spectrofon,журнал,25,24,01 (orig) | 02 (orig) | 03 (orig) | 04 (orig) | 05 (orig) | 06 (orig) | 07 (orig) | 08 (orig) | 09 (orig) | 10 (orig) | 11 (Leo) | 11 (orig) | 12 (orig) | 13 (Leo) | 13 (orig) | 14 (orig) | 15 (orig) | 16 (orig) | 17 (orig) | 18 (orig) | 19 (orig) | 20 (orig) | 21 (orig) | 22-23 Promotion,1,22-23 promotion,00 | 01 | 01 (orig) | 02 | 02 (orig) | 03 | 03 (orig) | 04 | 04 (orig) | 05 | 05 (orig) | 06 | 06 (orig) | 07 | 07 (orig) | 08 | 08 (orig) | 09 | 09 (orig) | 10 | 10 (orig) | 11 | 11 (Leo) | 11 (orig) | 12 | 12 (orig) | 13 | 13 (Leo) | 13 (orig) | 14 | 14 (orig) | 15 | 15 (orig) | 16 | 16 (orig) | 17 | 17 (orig) | 18 | 18 (orig) | 19 | 19 (orig) | 20 | 20 (orig) | 21 | 21 (orig) | 22-23 Promotion | 22 | 23,00 | 01 | 02 | 03 | 04 | 05 | 06 | 07 | 08 | 09 | 10 | 11 | 12 | 13 | 14 | 15 | 16 | 17 | 18 | 19 | 20 | 21 | 22-23 promotion | 22 | 23,
2,Subliminal Extacy,se,12,213,Subliminal Extacy,журнал,4,11,00 (Mafia ver) | 00 (Rapeware ver) | 00 (^m00h^ ver) | 01 (Mafia ver) | 01 (Raperware ver) | 01 (^m00h^ ver) | 02 (FLP) | 02 (^m00h^ ver) | 04 | 05 | 06,3,00 | 01 | 02,00 (Mafia ver) | 00 (Rapeware ver) | 00 (^m00h^ ver) | 01 (Mafia ver) | 01 (Raperware ver) | 01 (^m00h^ ver) | 02 (FLP) | 02 (^m00h^ ver) | 03 | 04 | 05 | 06,00 | 01 | 02 | 03,
1,Inferno / Info Guide,inferno,10,100,Inferno,журнал,4,10,05 | 06 | 07 | 08 | 09 | 10 | 11 | 12 | 13 | 14,4,01 | 02 | 03 | 04,05 | 06 | 07 | 08 | 09 | 10 | 11 | 12 | 13 | 14,01 | 02 | 03 | 04,
2,ZX Format,zx-form,18,257,ZX Format,журнал,9,9,01 (orig) | 02 (orig) | 03 (orig) | 04 (orig) | 4.5 (orig) | 05 (orig) | 06 (orig) | 07 (orig) | 08 (orig),0,,01 | 01 (orig) | 02 | 02 (orig) | 03 | 03 (orig) | 04 | 04 (orig) | 4.5 | 4.5 (orig) | 05 | 05 (orig) | 06 | 06 (orig) | 07 | 07 (orig) | 08 | 08 (orig),01 | 02 | 03 | 04 | 4.5 | 05 | 06 | 07 | 08,
1,Anigdot,anigdot,28,16,Anigdot,газета,21,7,03 | 11 | 12 | 29 | 30 | 32 | 35,0,,03 | 11 | 12 | 19 | 22 | 24 | 25 | 26 | 27 | 28 | 29 | 30 | 32 | 35 | 36 | 37 | 38 | 39 | 40 | 41 | 42 | 43 | 44 | 45 | 46 | 47 | 50 | 51,19 | 22 | 24 | 25 | 26 | 27 | 28 | 36 | 37 | 38 | 39 | 40 | 41 | 42 | 43 | 44 | 45 | 46 | 47 | 50 | 51,
1,Bred (Moscow),bred,12,32,Bred,газета,6,6,03 | 04 | 05 | 06 | 08 | 12,0,,01 | 02 | 03 | 04 | 05 | 06 | 07 | 08 | 10 | 11 | 12 | 13,01 | 02 | 07 | 10 | 11 | 13,
2,SibNews,sibnews,13,339,SibNews,газета,8,5,09 | 0A | 0B | 18/19 | 0D,0,,01 | 02 | 03 | 04 | 05 | 06 | 07 | 08 | 09 | 0A | 0B | 18/19 | 0D,01 | 02 | 03 | 04 | 05 | 06 | 07 | 08,
1,ACNews,acn,33,8,ACNews,газета,76,4,75 | 76 | 77 | 78,0,,01--31 | 32--47 | 48 | 49 | 50 | 51 | 52 | 53 | 54 | 55 | 56 | 57 | 58 | 59 | 60 | 61 | 62 | 63 | 64 | 65 | 66 | 67 | 68 | 69 | 70 | 71 | 72 | 73 | 74 | 75 | 76 | 77 | 78,01-31 | 01 | 02 | 03 | 04 | 05 | 06 | 07 | 08 | 09 | 10 | 11 | 12 | 13 | 14 | 15 | 16 | 17 | 18 | 19 | 20 | 21 | 22 | 23 | 24 | 25 | 26 | 27 | 28 | 29 | 30 | 31 | 32--47 | 32 | 33 | 34 | 35 | 36 | 37 | 38 | 39 | 40 | 41 | 42 | 43 | 44 | 45 | 46 | 47 | 48 | 49 | 50 | 51 | 52 | 53 | 54 | 55 | 56 | 57 | 58 | 59 | 60 | 61 | 62 | 63 | 64 | 65 | 66 | 67 | 68 | 69 | 70 | 71 | 72 | 73 | 74,
1,Fenzin,fenzin,13,77,Fenzin,газета,9,4,10 (txt) | 11 (txt) | 12 (txt) | 13 (txt),0,,01 | 02 | 03 | 04 | 05 | 06 | 07 | 08 | 09 | 10 (txt) | 11 (txt) | 12 (txt) | 13 (txt),01 | 02 | 03 | 04 | 05 | 06 | 07 | 08 | 09,
2,Screamergy,scrmg,6,326,Screamergy,газета,4,4,00 (pdf) | 01 (pdf) | 02 (pdf) | 03 (pdf),2,02 | 03,00 | 00 (pdf) | 01 | 01 (pdf) | 02 (pdf) | 03 (pdf),00 | 01 | 02 | 03,
1,Acid Paper,acidpap,7,7,Acid Paper,газета,4,3,05 | 06 | 07,0,,01 | 02 | 03 | 04 | 05 | 06 | 07,01 | 02 | 03 | 04,
1,Enigma,enigma,9,324,Enigma Tape Magazine,журнал,7,3,08 (Flash ver.) | 09 (Rush ver.) | 09 (Zer0 ver.),1,09,01 | 02 | 05 | 06 | 07 | 08 | 08 (Flash ver.) | 09 (Rush ver.) | 09 (Zer0 ver.),01 | 02 | 05 | 06 | 07 | 08 | 09,
1,Erotic,erotic,27,68,Erotic,газета,24,3,22 | 23 | 24,0,,00 | 01 | 02 | 03 | 04 | 05 | 06 | 07 | 08 | 09 | 10 | 11 | 12 | 13 | 14 | 15 | 16 | 17 | 18 | 19 | 22 | 23 | 24 | 25 | 26 | 27 | 28,00 | 01 | 02 | 03 | 04 | 05 | 06 | 07 | 08 | 09 | 10 | 11 | 12 | 13 | 14 | 15 | 16 | 17 | 18 | 19 | 25 | 26 | 27 | 28,
1,Hacker,hacker,6,94,Hacker,газета,3,3,04 | 05 | 08,0,,01 | 04 | 05 | 06 | 07 | 08,01 | 06 | 07,
1,Lamergy,lamergy,56,108,Lamergy,газета,53,3,17 | KS'10 Tonight | 18 KS Original,0,,1 | 2 | 3 | 4 | 5 | 6 | 6+ | 7 | 8 | 9 | 9+ | 0 | 10 | 11 | 12 | 12+ | 13 | 14 | 15 | 15+ | 16 | show2003 | A | B | C | D | E | F | M | R | S | U | W | X | Y | Z | ! | Spec | Kids | X-Mas | XXL | end | tbk | alt | actual | alt2 | altB | Gbk | 2006 | X1 | X2 | X3 | 2007 | 17 | KS'10 Tonight | 18 KS Original,0 | 1 | 2 | 3 | 4 | 5 | 6 | 6+ | 7 | 8 | 9 | 9+ | 10 | 11 | 12 | 12+ | 13 | 14 | 15 | 15+ | 16 | 2006 | 2007 | ! | A | actual | alt | alt2 | altB | B | C | D | E | end | F | Gbk | Kids | M | R | S | show2003 | Spec | tbk | U | W | X | X-Mas | X1 | X2 | X3 | XXL | Y | Z,
2,Time,time,15,222,Time,газета,12,3,04 | 08 | 09,0,,01 | 03 | 04 | 05 | 06 | 07 | 08 | 09 | 13 | 15 | 16 | 19 | 20 | 21 | 24,01 | 03 | 05 | 06 | 07 | 13 | 15 | 16 | 19 | 20 | 21 | 24,
2,ZX World,zx-world,5,282,ZX World,газета,2,3,003 | 006 | 009,0,,001 | 002 | 003 | 006 | 009,01 | 02,
1,Bonus,bonus,7,29,Bonus,газета,6,2,13 | 14,0,,13 | 14 | 15 | 16 | 17 | 18 | 19,15 - 19 | 15 | 16 | 17 | 18 | 19,
1,Cheat Magazine,cheat,4,39,Cheat,журнал,4,2,2.5 | 03 Demo,2,"2,5 | 03 demo",01 | 02 | 2.5 | 03 Demo,"01 | 02 | 2,5 | 03 demo",
1,Nicron,nicron,132,139,Nicron,газета,130,2,131 | 132,0,,01 | 02 | 03 | 04 | 05 | 06 | 07 | 08 | 09 | 10 | 11 | 12 | 13 | 14 | 15 | 16 | 17 | 18 | 19 | 20 | 21 | 22 | 23 | 24 | 25 | 26 | 27 | 28 | 29 | 30 | 31 | 32 | 33 | 34 | 35 | 36 | 37 | 38 | 39 | 40 | 41 | 42 | 43 | 44 | 45 | 46 | 47 | 48 | 49 | 50 | 51 | 52 | 53 | 54 | 55 | 56 | 57 | 58 | 59 | 60 | 61 | 62 | 63 | 64 | 65 | 66 | 67 | 68 | 69 | 70 | 71 | 72 | 73 | 74 | 75 | 76 | 77 | 78 | 79 | 80 | 81 | 82 | 83 | 84 | 85 | 86 | 87 | 88 | 89 | 90 | 91 | 92 | 93 | 94 | 95 | 96 | 97 | 98 | 99 | 100 | 101 | 102 | 103 | 104 | 105 | 106 | 107 | 108 | 109 | 110 | 111 | 112 | 113 | 114 | 115 | 116 | 117 | 118 | 119 | 120 | 121 | 122 | 123 | 124 | 125 | 126 | 127 | 128 | 129 | 130 | 131 | 132,01 | 02 | 03 | 04 | 05 | 06 | 07 | 08 | 09 | 10 | 11 | 12 | 13 | 14 | 15 | 16 | 17 | 18 | 19 | 20 | 21 | 22 | 23 | 24 | 25 | 26 | 27 | 28 | 29 | 30 | 31 | 32 | 33 | 34 | 35 | 36 | 37 | 38 | 39 | 40 | 41 | 42 | 43 | 44 | 45 | 46 | 47 | 48 | 49 | 50 | 51 | 52 | 53 | 54 | 55 | 56 | 57 | 58 | 59 | 60 | 61 | 62 | 63 | 64 | 65 | 66 | 67 | 68 | 69 | 70 | 71 | 72 | 73 | 74 | 75 | 76 | 77 | 78 | 79 | 80 | 81 | 82 | 83 | 84 | 85 | 86 | 87 | 88 | 89 | 90 | 91 | 92 | 93 | 94 | 95 | 96 | 97 | 98 | 99 | 100 | 101 | 102 | 103 | 104 | 105 | 106 | 107 | 108 | 109 | 110 | 111 | 112 | 113 | 114 | 115 | 116 | 117 | 118 | 119 | 120 | 121 | 122 | 123 | 124 | 125 | 126 | 127 | 128 | 129 | 130,
2,Ostrov (Остров),ostrov,3,152,Ostrov,газета,1,2,09 | 10,0,,09 | 10 | 11,11,
2,Scream (Krik),scream,6,182,Scream,журнал,5,2,04 (scl) | 04 (pdf),1,04,01 | 02 | 03 | 04 (scl) | 04 (pdf) | 11,01 | 02 | 03 | 04 | 11,
2,Sinc Re-Stared,srs,5,188,Sinc Re-Stared,газета,3,2,04 | 05,0,,01 | 02 | 03 | 04 | 05,01 | 02 | 03,
2,Spectrum Expert,sp_exper,4,205,Spectrum Expert,журнал,2,2,01 (orig) | 02 (orig),0,,01 | 01 (orig) | 02 | 02 (orig),01 | 02,
2,Spectrum Progress,sp_progr,4,208,Spectrum Progress,журнал,3,2,01 (crack) | 01 (orig),1,01,01 (crack) | 01 (orig) | 02 | 03,01 | 02 | 03,
1,Amiga News (Krivoy Rog),amiganew,2,14,Amiga News,газета,1,1,02,0,,01 | 02,01,
1,Body,body,63,28,Body,газета,70,1,37,8,3C# | 3D# | 3e# | 3F# | 31a | 37a | 37b | 37c,01 | 02 | 03 | 04 | 05 | 06 | 07 | 08 | 09 | 0A | 0B | 0C | 0D | 0E | 0F | 10 | 11 | 12 | 13 | 14 | 15 | 16 | 17 | 18 | 19 | 1A | 1B | 1C | 1D | 1E | 1F | 20 | 21 | 22 | 23 | 24 | 25 | 26 | 27 | 28 | 29 | 2A | 2B | 2C | 2D | 2E | 2F | 30 | 31 | 32 | 33 | 34 | 35 | 36 | 37 | 38 | 39 | 3A | 3B | 3C | 3D | 3E | 3F,0A | 0B | 0C | 0D | 0E | 0F | 01 | 1A | 1B | 1C | 1D | 1E | 1F | 02 | 2B | 2C | 2D | 2E | 2F | 2A | 03 | 3A | 3B | 3C | 3C# | 3D | 3D# | 3E | 3e# | 3F | 3F# | 04 | 05 | 06 | 07 | 08 | 09 | 10 | 11 | 12 | 13 | 14 | 15 | 16 | 17 | 18 | 19 | 20 | 21 | 22 | 23 | 24 | 25 | 26 | 27 | 28 | 29 | 30 | 31 | 31a | 32 | 33 | 34 | 35 | 36 | 37a | 37b | 37c | 38 | 39,
1,Burn the Lighter,btl,14,307,Burn the Lighter,газета,14,1,02 (beta),1,02,01 | 02 (beta) | 03 | 04 | 05 | 06 | 07 | 08 | 09 | 10 | 11 | 12 | 13 | 14,01 | 02 | 03 | 04 | 05 | 06 | 07 | 08 | 09 | 10 | 11 | 12 | 13 | 14,
1,Deja Vu,dejavu,13,50,Deja Vu,журнал,12,1,02 (udi),0,,00 | 01 | 02 | 02 (udi) | 03 | 04 | 05 | 06 | 07 | 08 | 09 | 0A | XX,00 | 0A | 01 | 02 | 03 | 04 | 05 | 06 | 07 | 08 | 09 | XX,
1,EMSlog,emslog,2,65,EMSlog,газета,1,1,02,0,,01 | 02,01,
1,Fantasy,fantasy,3,328,Fantasy,газета,2,1,03,0,,01 | 02 | 03,1 | 2,
1,Faultless,faultles,9,76,Faultless,журнал,9,1,07fake,1,07,01 | 02 | 03 | 04 | 05 | 06 | 07fake | 08 | 09,01 | 02 | 03 | 04 | 05 | 06 | 07 | 08 | 09,
1,My Speccy,myspeccy,1,132,My Speccy,газета,8,1,All,8,00 | 01 | 02 | 03 | 04 | 04.1 | 05 | 06,All,00 | 01 | 02 | 03 | 04 | 04.1 | 05 | 06,
2,Open Letters (is-dos),openlet,11,299,Open Letters,газета,10,1,11,0,,01 | 02 | 03 | 04 | 05 | 06 | 07 | 08 | 09 | 10 | 11,01 | 02 | 03 | 04 | 05 | 06 | 07 | 08 | 09 | 10,
2,Paradox,paradox,2,155,Paradox,газета,2,1,00 (orig),1,00 (orig.),00 (orig) | 00 (pack),00 (orig.) | 00 (pack),
2,Prikoly (Приколы),prikoly,4,317,Prikoly,газета,3,1,01,0,,01 | 02 | 03 | 04,02 | 03 | 04,
2,Punk,punk,2,169,Punk,газета,1,1,01,0,,01 | 02,02,
2,Read Me,readme,3,170,Read Me,газета,2,1,01 Demo,0,,01 Demo | 01 | 02,01 | 02,
2,Scene+,scene,5,315,Scene+,газета,36,1,71 (pdf),32,05 | 06 | 07 | 08 | 09 | 10 | 11 | 12 | 13 | 14 | 15 | 16 | 17 | 18 | 19 | 20 | 21 | 22 | 23 | 24 | 25 | 26 | 27 | 28 | 29 | 30 | 31 | 32 | 33 | 34 | 35 | 36,01 | 02 | 03 | 04 | 71 (pdf),01 | 02 | 03 | 04 | 05 | 06 | 07 | 08 | 09 | 10 | 11 | 12 | 13 | 14 | 15 | 16 | 17 | 18 | 19 | 20 | 21 | 22 | 23 | 24 | 25 | 26 | 27 | 28 | 29 | 30 | 31 | 32 | 33 | 34 | 35 | 36,
2,Scenergy,scenergy,3,181,Scenergy,журнал,2,1,FA,0,,01 | 02 | FA,01 | 02,
2,Sinc Re-Stared Reborn (pdf),srsreb,2,188,Sinc Re-Stared,газета,3,1,00,2,02 | 03,00 | 01,01 | 02 | 03,
2,Sinclair Classic,sclass,11,313,Sinclair Classic,газета,11,1,S,1,Summer Special,01 | 02 | 03 | 04 | 05 | 06 | 07 | 08 | 09 | 10 | S,01 | 02 | 03 | 04 | 05 | 06 | 07 | 08 | 09 | 10 | Summer Special,
2,Sinclair News (Italy) (pdf),snit,3,190,Sinclair News,газета,3,1,00,1,03,00 | 01 | 02,01 | 02 | 03,
2,Skimer,skimer,3,192,Skimer,газета,2,1,03,0,,01 | 02 | 03,01 | 02,
2,WeekEnd,weekend,6,236,WeekEnd,газета,5,1,00,0,,00 | 01 | 02 | 03 | 04 | 05,01 | 02 | 03 | 04 | 05,
2,Weekend (pdf),weekiz,1,236,WeekEnd,газета,5,1,19,5,01 | 02 | 03 | 04 | 05,19,01 | 02 | 03 | 04 | 05,
2,Woot!,woot,3,341,Woot!,журнал,2,1,02,0,,00 | 01 | 02,00 | 01,
2,ZX Land,zxland,7,303,ZX Land,газета,6,1,02 (orig),0,,01 | 02 | 02 (orig) | 03 | 04 | 05 | 06,01 | 02 | 03 | 04 | 05 | 06,
2,ZX Park,zx-park,18,273,ZX Park,газета,18,1,??,1,11.5,01 | 02 | 03 | 04 | 05 | 06 | 07 | 08 | 09 | 10 | 11 | 12 | 13 | 14 | 15 | 16 | 17 | ??,01 | 02 | 03 | 04 | 05 | 06 | 07 | 08 | 09 | 10 | 11 | 11.5 | 12 | 13 | 14 | 15 | 16 | 17,
2,ZX-News (Ivanovo),zx-newsi,1,269,ZX-News,газета,54,1,0,54,01 | 02 | 03 | 04 | 05 | 06 | 07 | 08 | 09 | 10 | 11 | 12 | 13 | 14 | 15 | 16 | 17 | 18 | 19 | 20 | 21 | 22 | 23 | 24 | 25 | 26 | 27 | 28 | 29 | 30 | 31 | 32 | 33 | 34 | 35 | 36 | 37 | 38 | 39 | 40 | 41 | 42 | 43 | 44 | 45 | 46 | 47 | 48 | 49 | 50 | 51 | 52 | 53 | 54,0,01 | 02 | 03 | 04 | 05 | 06 | 07 | 08 | 09 | 10 | 11 | 12 | 13 | 14 | 15 | 16 | 17 | 18 | 19 | 20 | 21 | 22 | 23 | 24 | 25 | 26 | 27 | 28 | 29 | 30 | 31 | 32 | 33 | 34 | 35 | 36 | 37 | 38 | 39 | 40 | 41 | 42 | 43 | 44 | 45 | 46 | 47 | 48 | 49 | 50 | 51 | 52 | 53 | 54,
1,Abzac (Абзац) (pdf),abzac,32,periodical:6,Абзац,periodical,,0,,0,,01 | 02 | 03 | 04 | 05 | 06 | 07 | 08 | 09 | 10 | 11 | 12 | 13 | 14 | 15 | 16 | 17 | 18 | 19 | 20 | 21 | 22 | 23 | 24 | 25 | 26 | 27 | 28 | 29 | 30 | 31 | 32,(periodical — issue compare skipped),matched as paper periodical
1,Baytik (Байтик) (djvu),baytik,5,periodical:5,Байтик,periodical,,0,,0,,01'91 | 02'91 | 03'91 | 04'91 | 01'92,(periodical — issue compare skipped),matched as paper periodical
1,Bred (Kirov),bred,2,32,Bred,газета,6,0,,4,07 | 10 | 11 | 13,01 | 02,01 | 02 | 07 | 10 | 11 | 13,
1,Breeze,breeze,8,33,Breeze,газета,10,0,,2,07 | 08,01 | 02 | 03 | 04 | 05 | 06 | 09 | 10,01 | 02 | 03 | 04 | 05 | 06 | 09 | 10 | 07 | 08,
1,Crystal Time,ctime,1,222,Time,газета,12,0,,11,03 | 05 | 06 | 07 | 13 | 15 | 16 | 19 | 20 | 21 | 24,01,01 | 03 | 05 | 06 | 07 | 13 | 15 | 16 | 19 | 20 | 21 | 24,
1,Emulate,emulate,6,66,Emulate,газета,7,0,,1,Special Edition,01 | 02 | 03 | 04 | 05 | 06,01 | 02 | 03 | 04 | 05 | 06 | Special Edition,
1,Next,next,5,138,Next,газета,23,0,,8,10 | 11 | 12 | 13 | 14 | 15 | 16 | 17,00-03 | 04-05 | 06-09 | 00-17 (txt) | 18,00-03 | 00-17 (txt) | 00 | 01 | 02 | 03 | 04-05 | 04 | 05 | 06-09 | 06 | 07 | 08 | 09 | 10 | 11 | 12 | 13 | 14 | 15 | 16 | 17 | 18,
2,Offline,offline,2,146,Offline,газета,3,0,,1,04,02 | 03,02 | 03 | 04,
2,Speccy Rules,srules,1,199,Speccy,журнал,7,0,,6,02 | 03 | 04 | 05 | 06 | 07,01,01 | 02 | 03 | 04 | 05 | 06 | 07,
2,Speccy User,specuser,1,199,Speccy,журнал,7,0,,6,02 | 03 | 04 | 05 | 06 | 07,01,01 | 02 | 03 | 04 | 05 | 06 | 07,
2,Wallpaper,wallpap,7,234,Wallpaper,газета,8,0,,1,08,01 | 02 | 03 | 04 | 05 | 06 | 07,01 | 02 | 03 | 04 | 05 | 06 | 07 | 08,
2,ZX Review'97,zx-revu,4,277,ZX Review,журнал,5,0,,2,1-2 | 7-8-9-10,3-4 | 5-6 | 7-10 | 11-12,1-2 | 3-4 | 5-6 | 7-8-9-10 | 11-12,
