vtrd_list,vtrd_name,vtrd_folder,issue_count,issue_labels,first_url
1,About,about,7,01 | 2/3 | 03 | 04 | 05 | 06 | 07,https://vtrd.in/press/about/ABOUT01.ZIP
1,Alch News,alchnews,37,01 | 02 | 03 | 04 | 05 | 06 | 07 | 08 | 09 | 10 | 11 | 12 | 13 | 14 | 15 | 16 | 17 | 18 | 19 | 20 | 21 | 22 | 23 | 25 | 26 | 27 | 28 | 29 | 30 | 31 | 32 | 33 | 34 | 35 | 36 | 37 | 38,https://vtrd.in/press/alchnews/ALCHN01.zip
1,BBSman,bbsman,1,01,https://vtrd.in/press/bbsman/BBSMAN01.zip
1,BlokNOT,bloknot,2,01 | 02,https://vtrd.in/press/bloknot/BLOKNOT1.zip
1,Chush (Чушь),chush,5,01 | 02 | 04 | 05 | 06,https://vtrd.in/press/chush/CHUSH1.zip
1,Cweek,cweek,25,01 | 02 | 03 | 04 | 05 | 06 | 07 | 08 | 09 | 9.5 | 10 | 11 | 12 | 13 | 14 | 15 | 16 | 17 | 18 | 19 | 20 | 21 | 22 | 23 | 24,https://vtrd.in/press/cweek/CWEEK01.ZIP
1,D.O.D. (dna os),dod,1,00,https://vtrd.in/press/dod/DOD0.zip
1,DF Mag (pdf),dfmag,8,01 | 02 | 03 | 04 | 05 | 06 | Special | 07,https://vtrd.in/press/dfmag/DFMAG_01.zip
1,Ditronik Three News,d_news,1,01,https://vtrd.in/press/d_news/D_NEWS01.zip
1,E-Com,e-com,1,01,https://vtrd.in/press/e-com/E-COM1.zip
1,E-Mgazin,emga,1,01,https://vtrd.in/press/emga/EMGA.zip
1,Excess Info,excess,1,01,https://vtrd.in/press/excess/EXCINFO1.ZIP
1,Fountain PD Newsletter,fpd,1,02,https://vtrd.in/press/fpd/FPDNEWS2.zip
1,Hypegy,hypegy,2,01 | 02,https://vtrd.in/press/hypegy/HYPEGY1.zip
1,K7 Magazine,k7,1,01,https://vtrd.in/press/k7/K7MAG1.zip
1,Kompyuter (Компьютер) (djvu),kompyut,6,01 | 02 | 03 | 04 | 05 | 06,https://vtrd.in/press/kompyut/KOMPYUT1.zip
1,Legends of Bytes,legbyt,9,01 | 02 | 03 | 04 | 05 | 06 | 07 | 08 | 09,https://vtrd.in/press/legbyt/LEGBYT01.zip
1,Libra,libra,1,01,https://vtrd.in/press/libra/LIBRAI.zip
1,MagMag,magmag,1,00,https://vtrd.in/press/magmag/MAGMAG94.zip
1,Moon Paper,moonpap,1,01,https://vtrd.in/press/moonpap/MOON_P_1.zip
1,NedoPC (pdf),nedopc,7,00 | 01 | 02 | 03 | 04 | 05 | 06,https://vtrd.in/press/nedopc/NEDOPC_0.zip
1,NewsCom (x-dos),newscom,6,01 | 02 | 03 | 04 | 05 | 06,https://vtrd.in/press/newscom/NEWSC01.zip
1,NEWSpectrum (is-dos),newspect,1,1,https://vtrd.in/press/newspect/NEWSPEC11.zip
2,Online,online,85,01 | 02 | 03 | 04 | 05 | 06 | 07 | 08 | 09 | 10 | 11 | 12 | 13 | 14 | 15 | 16 | 17 | 18 | 19 | 20 | 21 | 22 | 23 | 24 | 25 | 26 | 27 | 28 | 29 | 30 | 31 | 32 | 33 | 34 | 35 | 36 | 37 | 38 | 39 | 40 | 41 | 42 | 43 | 44 | 45 | 46 | 47 | 48 | 49 | 50 | 51 | 52 | 53 | 54 | 55 | 56 | 57 | 58 | 59 | 60 | 61 | 62 | 63 | 64 | 65 | 66 | 67 | 68 | 69 | 70 | 71 | 72 | 73 | 74 | 75 | 76 | 77 | 78 | 79 | 80 | 81 | 82 | 83 | 84 | 85,https://vtrd.in/press/online/ONLINE01.ZIP
2,Oreh (Орех),oreh,11,00 | 01 | 02 | 03 | 04 | 05 | 06 | 07 | 08 | 09 | 0A,https://vtrd.in/press/oreh/OREH0.ZIP
2,Premier,premier,1,01,https://vtrd.in/press/premier/PREMIER1.zip
2,Profi Info (Profi),profinfo,1,01,https://vtrd.in/press/profinfo/PROINF01.zip
2,Ptichka Kar-Kar (Птичка Кар-Кар) (pdf),ptichka,6,01 | 02 | 03 | 04 | 05 | 06,https://vtrd.in/press/ptichka/PTICHKA1.ZIP
2,Radio (Радио) (djvu),radio,15,11'94 | 02'95 | 04'95 | 06'95 | 07'95 | 08'95 | 09'95 | 10'95 | 11'95 | 05'97 | 06'97 | 08'97 | 07'13 | 08'13 | 04'14,https://vtrd.in/press/radio/RAD11_94.zip
2,Restore,restore,3,00 | 02 | 03,https://vtrd.in/press/restore/RESTOR00.zip
2,SCENEgraphy,scenegraphy,1,01/2024,https://vtrd.in/press/scenegraphy/SCGR0124.zip
2,Sinclair ZX Notizie,szxn,12,01 | 02 | 03 | 04 | 05 | 06 | 07 | 08 | 09 | 10 | 11 | 12,https://vtrd.in/press/szxn/SZXN01.zip
2,Spectromania (djvu),smania,1,01,https://vtrd.in/press/smania/SMAN1_93.zip
2,Spectrum Today,sptoday,4,00 | 00 (en) | 01 | 01 (en),https://vtrd.in/press/sptoday/ST00.zip
2,SUC-Session (pdf),sucs,6,188 | 201 | 202 | 203 | 204 | 205,https://vtrd.in/press/sucs/SUC188.zip
2,Suug,suug,2,03 | 04,https://vtrd.in/press/suug/SUUG3.zip
2,The Spectrum Show (pdf),tspshow,33,00 | 01 | 02 | 03 | 04 | 05 | 06 | 07 | 08 | 09 | 10 | 11 | 12 | 13 | 14 | 15 | 16 | 17 | 18 | 19 | 20 | 21 | 22 | 23 | 24 | 25 | 26 | 27 | 28 | 29 | 30 | 31 | 32,https://vtrd.in/press/tspshow/SPSHOW00.zip
2,Vokrug ZX Spectrum (Вокруг ZX Spectrum) (pdf),vokrug,1,01,https://vtrd.in/press/vokrug/VOKZXS01.zip
2,Web News,webnews,1,2002.07.07,https://vtrd.in/press/webnews/WEBNEWS.zip
2,YS2,ys2,3,Issue 1 | Issue 2 | Issue 3,https://vtrd.in/press/ys2/YS2I1.zip
2,Z-80,Z-80,1,01,https://vtrd.in/press/Z-80/Z-80_01.zip
2,Zilog Inside,zi,14,01 | 02 | 03 | 04 | 05 | 06 | 07 | 08 | 09 | 10 | 11 | 12 | 13 | 14,https://vtrd.in/press/zi/ZI_01.zip
2,Zin80 (pdf),Zin80,3,01 | 02 | 03,https://vtrd.in/press/Zin80/ZIN80_01.zip
2,Zmey Horynych (Zмей Хорыныч) (djvu),zmey,6,01 | 02 | 03 | 04 | 05 | 06,https://vtrd.in/press/zmey/ZMEY1.ZIP
2,ZX Files,zxfiles,1,01,https://vtrd.in/press/zxfiles/ZXFILES1.ZIP
2,ZX List,zxlist,2,02 | 03,https://vtrd.in/press/zxlist/ZXLIST2.ZIP
2,ZX Shed (pdf),zxshed,5,01 | 02 | 03 | 03+ | Reloaded 1,https://vtrd.in/press/zxshed/ZXSHED01.zip
2,ZX Spectrum Gamer (pdf),zxsgam,5,01 | 02 | 03 | 04 | 05,https://vtrd.in/press/zxsgam/ZXSGAM01.zip
2,ZX-Rulez,zx-rulez,1,01,https://vtrd.in/press/zx-rulez/ZXRULEZ1.ZIP
