vtrd_list,vtrd_name,local_id,local_title,missing_label,file,url
2,Za Rulem Печатное Слово (pdf),246,Za Rulem,03,ZR03.zip,https://vtrd.in/press/zrps/ZR03.zip
2,Za Rulem Печатное Слово (pdf),246,Za Rulem,04,ZR04.zip,https://vtrd.in/press/zrps/ZR04.zip
2,Za Rulem Печатное Слово (pdf),246,Za Rulem,05,ZR05.zip,https://vtrd.in/press/zrps/ZR05.zip
2,Za Rulem Печатное Слово (pdf),246,Za Rulem,06,ZR06.zip,https://vtrd.in/press/zrps/ZR06.zip
2,Za Rulem Печатное Слово (pdf),246,Za Rulem,07,ZR07.zip,https://vtrd.in/press/zrps/ZR07.zip
2,Za Rulem Печатное Слово (pdf),246,Za Rulem,08,ZR08.zip,https://vtrd.in/press/zrps/ZR08.zip
2,Za Rulem Печатное Слово (pdf),246,Za Rulem,09,ZR09.zip,https://vtrd.in/press/zrps/ZR09.zip
2,Za Rulem Печатное Слово (pdf),246,Za Rulem,10,ZR10.zip,https://vtrd.in/press/zrps/ZR10.zip
2,Za Rulem Печатное Слово (pdf),246,Za Rulem,11,ZR11.zip,https://vtrd.in/press/zrps/ZR11.zip
2,Za Rulem Печатное Слово (pdf),246,Za Rulem,12,ZR12.zip,https://vtrd.in/press/zrps/ZR12.zip
2,Za Rulem Печатное Слово (pdf),246,Za Rulem,13,ZR13.zip,https://vtrd.in/press/zrps/ZR13.zip
2,Za Rulem Печатное Слово (pdf),246,Za Rulem,14,ZR14.zip,https://vtrd.in/press/zrps/ZR14.zip
2,Za Rulem Печатное Слово (pdf),246,Za Rulem,15,ZR15.zip,https://vtrd.in/press/zrps/ZR15.zip
2,Za Rulem Печатное Слово (pdf),246,Za Rulem,16,ZR16.zip,https://vtrd.in/press/zrps/ZR16.zip
2,Za Rulem Печатное Слово (pdf),246,Za Rulem,17,ZR17.zip,https://vtrd.in/press/zrps/ZR17.zip
2,Za Rulem Печатное Слово (pdf),246,Za Rulem,18,ZR18.zip,https://vtrd.in/press/zrps/ZR18.zip
2,Za Rulem Печатное Слово (pdf),246,Za Rulem,19,ZR19.zip,https://vtrd.in/press/zrps/ZR19.zip
2,Za Rulem Печатное Слово (pdf),246,Za Rulem,20,ZR20.zip,https://vtrd.in/press/zrps/ZR20.zip
2,Za Rulem Печатное Слово (pdf),246,Za Rulem,21,ZR21.zip,https://vtrd.in/press/zrps/ZR21.zip
2,Za Rulem Печатное Слово (pdf),246,Za Rulem,22,ZARUL22.zip,https://vtrd.in/press/zrps/ZARUL22.zip
2,Za Rulem Печатное Слово (pdf),246,Za Rulem,23,ZARUL23.zip,https://vtrd.in/press/zrps/ZARUL23.zip
2,Za Rulem Печатное Слово (pdf),246,Za Rulem,24,ZARUL24.zip,https://vtrd.in/press/zrps/ZARUL24.zip
2,Za Rulem Печатное Слово (pdf),246,Za Rulem,25,ZARUL25.zip,https://vtrd.in/press/zrps/ZARUL25.zip
2,Za Rulem Печатное Слово (pdf),246,Za Rulem,26,ZARUL26.zip,https://vtrd.in/press/zrps/ZARUL26.zip
2,Za Rulem Печатное Слово (pdf),246,Za Rulem,27,ZARUL27.zip,https://vtrd.in/press/zrps/ZARUL27.zip
2,Za Rulem Печатное Слово (pdf),246,Za Rulem,28,ZR28.zip,https://vtrd.in/press/zrps/ZR28.zip
2,Za Rulem Печатное Слово (pdf),246,Za Rulem,29,ZR29.zip,https://vtrd.in/press/zrps/ZR29.zip
2,Spectrofon,202,Spectrofon,01 (orig),SP1_O.zip,https://vtrd.in/press/spectrof/SP1_O.zip
2,Spectrofon,202,Spectrofon,02 (orig),SP2_O.ZIP,https://vtrd.in/press/spectrof/SP2_O.ZIP
2,Spectrofon,202,Spectrofon,03 (orig),SP3_O.ZIP,https://vtrd.in/press/spectrof/SP3_O.ZIP
2,Spectrofon,202,Spectrofon,04 (orig),SP4_O.zip,https://vtrd.in/press/spectrof/SP4_O.zip
2,Spectrofon,202,Spectrofon,05 (orig),SP5_O.ZIP,https://vtrd.in/press/spectrof/SP5_O.ZIP
2,Spectrofon,202,Spectrofon,06 (orig),SP6_O.ZIP,https://vtrd.in/press/spectrof/SP6_O.ZIP
2,Spectrofon,202,Spectrofon,07 (orig),SP7_O.ZIP,https://vtrd.in/press/spectrof/SP7_O.ZIP
2,Spectrofon,202,Spectrofon,08 (orig),SP8_O.zip,https://vtrd.in/press/spectrof/SP8_O.zip
2,Spectrofon,202,Spectrofon,09 (orig),SP9_O.ZIP,https://vtrd.in/press/spectrof/SP9_O.ZIP
2,Spectrofon,202,Spectrofon,10 (orig),SP10_O.ZIP,https://vtrd.in/press/spectrof/SP10_O.ZIP
2,Spectrofon,202,Spectrofon,11 (Leo),SP11_LEO.zip,https://vtrd.in/press/spectrof/SP11_LEO.zip
2,Spectrofon,202,Spectrofon,11 (orig),SP11_O.ZIP,https://vtrd.in/press/spectrof/SP11_O.ZIP
2,Spectrofon,202,Spectrofon,12 (orig),SP12_O.zip,https://vtrd.in/press/spectrof/SP12_O.zip
2,Spectrofon,202,Spectrofon,13 (Leo),SP13_LSW.zip,https://vtrd.in/press/spectrof/SP13_LSW.zip
2,Spectrofon,202,Spectrofon,13 (orig),SP13_O.zip,https://vtrd.in/press/spectrof/SP13_O.zip
2,Spectrofon,202,Spectrofon,14 (orig),SP14_O.zip,https://vtrd.in/press/spectrof/SP14_O.zip
2,Spectrofon,202,Spectrofon,15 (orig),SP15_O.zip,https://vtrd.in/press/spectrof/SP15_O.zip
2,Spectrofon,202,Spectrofon,16 (orig),SP16_O.zip,https://vtrd.in/press/spectrof/SP16_O.zip
2,Spectrofon,202,Spectrofon,17 (orig),SP17_O.zip,https://vtrd.in/press/spectrof/SP17_O.zip
2,Spectrofon,202,Spectrofon,18 (orig),SP18_O.zip,https://vtrd.in/press/spectrof/SP18_O.zip
2,Spectrofon,202,Spectrofon,19 (orig),SP19_O.zip,https://vtrd.in/press/spectrof/SP19_O.zip
2,Spectrofon,202,Spectrofon,20 (orig),SP20_O.zip,https://vtrd.in/press/spectrof/SP20_O.zip
2,Spectrofon,202,Spectrofon,21 (orig),SP21_O.zip,https://vtrd.in/press/spectrof/SP21_O.zip
2,Spectrofon,202,Spectrofon,22-23 Promotion,S2223PRO.ZIP,https://vtrd.in/press/spectrof/S2223PRO.ZIP
2,Subliminal Extacy,213,Subliminal Extacy,00 (Mafia ver),EXTA0MFA.zip,https://vtrd.in/press/se/EXTA0MFA.zip
2,Subliminal Extacy,213,Subliminal Extacy,00 (Rapeware ver),SE00RWC.zip,https://vtrd.in/press/se/SE00RWC.zip
2,Subliminal Extacy,213,Subliminal Extacy,00 (^m00h^ ver),SE00MOOH.zip,https://vtrd.in/press/se/SE00MOOH.zip
2,Subliminal Extacy,213,Subliminal Extacy,01 (Mafia ver),SE01MAF.ZIP,https://vtrd.in/press/se/SE01MAF.ZIP
2,Subliminal Extacy,213,Subliminal Extacy,01 (Raperware ver),SE01RAP.ZIP,https://vtrd.in/press/se/SE01RAP.ZIP
2,Subliminal Extacy,213,Subliminal Extacy,01 (^m00h^ ver),SE01MOOH.zip,https://vtrd.in/press/se/SE01MOOH.zip
2,Subliminal Extacy,213,Subliminal Extacy,02 (FLP),SE02FLP.zip,https://vtrd.in/press/se/SE02FLP.zip
2,Subliminal Extacy,213,Subliminal Extacy,02 (^m00h^ ver),SE02MOOH.zip,https://vtrd.in/press/se/SE02MOOH.zip
2,Subliminal Extacy,213,Subliminal Extacy,04,SE4.zip,https://vtrd.in/press/se/SE4.zip
2,Subliminal Extacy,213,Subliminal Extacy,05,SE5.zip,https://vtrd.in/press/se/SE5.zip
2,Subliminal Extacy,213,Subliminal Extacy,06,SE6.zip,https://vtrd.in/press/se/SE6.zip
1,Inferno / Info Guide,100,Inferno,05,INFERNO5.ZIP,https://vtrd.in/press/inferno/INFERNO5.ZIP
1,Inferno / Info Guide,100,Inferno,06,INFERNO6.ZIP,https://vtrd.in/press/inferno/INFERNO6.ZIP
1,Inferno / Info Guide,100,Inferno,07,INFERNO7.ZIP,https://vtrd.in/press/inferno/INFERNO7.ZIP
1,Inferno / Info Guide,100,Inferno,08,INFERNO8.ZIP,https://vtrd.in/press/inferno/INFERNO8.ZIP
1,Inferno / Info Guide,100,Inferno,09,INFERNO9.ZIP,https://vtrd.in/press/inferno/INFERNO9.ZIP
1,Inferno / Info Guide,100,Inferno,10,INFERN10.ZIP,https://vtrd.in/press/inferno/INFERN10.ZIP
1,Inferno / Info Guide,100,Inferno,11,IG11.zip,https://vtrd.in/press/inferno/IG11.zip
1,Inferno / Info Guide,100,Inferno,12,IG12.zip,https://vtrd.in/press/inferno/IG12.zip
1,Inferno / Info Guide,100,Inferno,13,IG13fix.zip,https://vtrd.in/press/inferno/IG13fix.zip
1,Inferno / Info Guide,100,Inferno,14,IG14.zip,https://vtrd.in/press/inferno/IG14.zip
2,ZX Format,257,ZX Format,01 (orig),ZXF1_O.zip,https://vtrd.in/press/zx-form/ZXF1_O.zip
2,ZX Format,257,ZX Format,02 (orig),ZXF2_O.zip,https://vtrd.in/press/zx-form/ZXF2_O.zip
2,ZX Format,257,ZX Format,03 (orig),ZXF3O.zip,https://vtrd.in/press/zx-form/ZXF3O.zip
2,ZX Format,257,ZX Format,04 (orig),ZXF4_O.zip,https://vtrd.in/press/zx-form/ZXF4_O.zip
2,ZX Format,257,ZX Format,4.5 (orig),ZXF45_O.zip,https://vtrd.in/press/zx-form/ZXF45_O.zip
2,ZX Format,257,ZX Format,05 (orig),ZXF5_O.zip,https://vtrd.in/press/zx-form/ZXF5_O.zip
2,ZX Format,257,ZX Format,06 (orig),ZXF6_O.zip,https://vtrd.in/press/zx-form/ZXF6_O.zip
2,ZX Format,257,ZX Format,07 (orig),ZXFORM7O.ZIP,https://vtrd.in/press/zx-form/ZXFORM7O.ZIP
2,ZX Format,257,ZX Format,08 (orig),ZXF8_O.zip,https://vtrd.in/press/zx-form/ZXF8_O.zip
1,Anigdot,16,Anigdot,03,ANIGD03.zip,https://vtrd.in/press/anigdot/ANIGD03.zip
1,Anigdot,16,Anigdot,11,ANIGD11.zip,https://vtrd.in/press/anigdot/ANIGD11.zip
1,Anigdot,16,Anigdot,12,ANIGD12.zip,https://vtrd.in/press/anigdot/ANIGD12.zip
1,Anigdot,16,Anigdot,29,ANIGD29.zip,https://vtrd.in/press/anigdot/ANIGD29.zip
1,Anigdot,16,Anigdot,30,ANIGD30.zip,https://vtrd.in/press/anigdot/ANIGD30.zip
1,Anigdot,16,Anigdot,32,ANIGD32.ZIP,https://vtrd.in/press/anigdot/ANIGD32.ZIP
1,Anigdot,16,Anigdot,35,ANIGD35.ZIP,https://vtrd.in/press/anigdot/ANIGD35.ZIP
1,Bred (Moscow),32,Bred,03,BRED3.zip,https://vtrd.in/press/bred/BRED3.zip
1,Bred (Moscow),32,Bred,04,BRED4.zip,https://vtrd.in/press/bred/BRED4.zip
1,Bred (Moscow),32,Bred,05,BRED5.zip,https://vtrd.in/press/bred/BRED5.zip
1,Bred (Moscow),32,Bred,06,BRED6.zip,https://vtrd.in/press/bred/BRED6.zip
1,Bred (Moscow),32,Bred,08,BRED8.zip,https://vtrd.in/press/bred/BRED8.zip
1,Bred (Moscow),32,Bred,12,BRED12.zip,https://vtrd.in/press/bred/BRED12.zip
2,SibNews,339,SibNews,09,SIBNEW09.zip,https://vtrd.in/press/sibnews/SIBNEW09.zip
2,SibNews,339,SibNews,0A,SIBNEW0A.zip,https://vtrd.in/press/sibnews/SIBNEW0A.zip
2,SibNews,339,SibNews,0B,SIBNEW0B.zip,https://vtrd.in/press/sibnews/SIBNEW0B.zip
2,SibNews,339,SibNews,18/19,SIBN1819.zip,https://vtrd.in/press/sibnews/SIBN1819.zip
2,SibNews,339,SibNews,0D,SIBNEW0D.zip,https://vtrd.in/press/sibnews/SIBNEW0D.zip
1,ACNews,8,ACNews,75,ACN75.zip,https://vtrd.in/press/acn/ACN75.zip
1,ACNews,8,ACNews,76,ACN76.zip,https://vtrd.in/press/acn/ACN76.zip
1,ACNews,8,ACNews,77,ACN77.zip,https://vtrd.in/press/acn/ACN77.zip
1,ACNews,8,ACNews,78,ACN78.zip,https://vtrd.in/press/acn/ACN78.zip
1,Fenzin,77,Fenzin,10 (txt),FENZIN10.zip,https://vtrd.in/press/fenzin/FENZIN10.zip
1,Fenzin,77,Fenzin,11 (txt),FENZIN11.zip,https://vtrd.in/press/fenzin/FENZIN11.zip
1,Fenzin,77,Fenzin,12 (txt),FENZIN12.zip,https://vtrd.in/press/fenzin/FENZIN12.zip
1,Fenzin,77,Fenzin,13 (txt),FENZIN13.zip,https://vtrd.in/press/fenzin/FENZIN13.zip
2,Screamergy,326,Screamergy,00 (pdf),SCR00PDF.zip,https://vtrd.in/press/scrmg/SCR00PDF.zip
2,Screamergy,326,Screamergy,01 (pdf),SCR01PDF.zip,https://vtrd.in/press/scrmg/SCR01PDF.zip
2,Screamergy,326,Screamergy,02 (pdf),SCR02PDF.zip,https://vtrd.in/press/scrmg/SCR02PDF.zip
2,Screamergy,326,Screamergy,03 (pdf),SCR03PDF.zip,https://vtrd.in/press/scrmg/SCR03PDF.zip
1,Acid Paper,7,Acid Paper,05,ACIDP005.ZIP,https://vtrd.in/press/acidpap/ACIDP005.ZIP
1,Acid Paper,7,Acid Paper,06,ACIDP006.zip,https://vtrd.in/press/acidpap/ACIDP006.zip
1,Acid Paper,7,Acid Paper,07,ACIDP007.zip,https://vtrd.in/press/acidpap/ACIDP007.zip
1,Enigma,324,Enigma Tape Magazine,08 (Flash ver.),ENIGMA8F.zip,https://vtrd.in/press/enigma/ENIGMA8F.zip
1,Enigma,324,Enigma Tape Magazine,09 (Rush ver.),ENIGM9R.ZIP,https://vtrd.in/press/enigma/ENIGM9R.ZIP
1,Enigma,324,Enigma Tape Magazine,09 (Zer0 ver.),ENIGM9Z.ZIP,https://vtrd.in/press/enigma/ENIGM9Z.ZIP
1,Erotic,68,Erotic,22,EROTIC22.zip,https://vtrd.in/press/erotic/EROTIC22.zip
1,Erotic,68,Erotic,23,EROTIC23.zip,https://vtrd.in/press/erotic/EROTIC23.zip
1,Erotic,68,Erotic,24,EROTIC24.zip,https://vtrd.in/press/erotic/EROTIC24.zip
1,Hacker,94,Hacker,04,HACKER_4.zip,https://vtrd.in/press/hacker/HACKER_4.zip
1,Hacker,94,Hacker,05,HACKER_5.zip,https://vtrd.in/press/hacker/HACKER_5.zip
1,Hacker,94,Hacker,08,HACKER_8.zip,https://vtrd.in/press/hacker/HACKER_8.zip
1,Lamergy,108,Lamergy,17,LAM17.ZIP,https://vtrd.in/press/lamergy/LAM17.ZIP
1,Lamergy,108,Lamergy,KS'10 Tonight,LMGKS10.ZIP,https://vtrd.in/press/lamergy/LMGKS10.ZIP
1,Lamergy,108,Lamergy,18 KS Original,LAM18KS.ZIP,https://vtrd.in/press/lamergy/LAM18KS.ZIP
2,Time,222,Time,04,TIME04.zip,https://vtrd.in/press/time/TIME04.zip
2,Time,222,Time,08,TIME08.ZIP,https://vtrd.in/press/time/TIME08.ZIP
2,Time,222,Time,09,TIME09.zip,https://vtrd.in/press/time/TIME09.zip
2,ZX World,282,ZX World,003,ZXW_003.zip,https://vtrd.in/press/zx-world/ZXW_003.zip
2,ZX World,282,ZX World,006,ZXW_006.zip,https://vtrd.in/press/zx-world/ZXW_006.zip
2,ZX World,282,ZX World,009,ZXW_009.zip,https://vtrd.in/press/zx-world/ZXW_009.zip
1,Bonus,29,Bonus,13,BONUS_13.zip,https://vtrd.in/press/bonus/BONUS_13.zip
1,Bonus,29,Bonus,14,BONUS_141.zip,https://vtrd.in/press/bonus/BONUS_141.zip
1,Cheat Magazine,39,Cheat,2.5,HM25.zip,https://vtrd.in/press/cheat/HM25.zip
1,Cheat Magazine,39,Cheat,03 Demo,HM3D.zip,https://vtrd.in/press/cheat/HM3D.zip
1,Nicron,139,Nicron,131,NICR_131.ZIP,https://vtrd.in/press/nicron/NICR_131.ZIP
1,Nicron,139,Nicron,132,NICR_132.ZIP,https://vtrd.in/press/nicron/NICR_132.ZIP
2,Ostrov (Остров),152,Ostrov,09,OSTROV09.zip,https://vtrd.in/press/ostrov/OSTROV09.zip
2,Ostrov (Остров),152,Ostrov,10,OSTROV10.zip,https://vtrd.in/press/ostrov/OSTROV10.zip
2,Scream (Krik),182,Scream,04 (scl),KRIIK4ZX.ZIP,https://vtrd.in/press/scream/KRIIK4ZX.ZIP
2,Scream (Krik),182,Scream,04 (pdf),KRIIK4.ZIP,https://vtrd.in/press/scream/KRIIK4.ZIP
2,Sinc Re-Stared,188,Sinc Re-Stared,04,SRS04.zip,https://vtrd.in/press/srs/SRS04.zip
2,Sinc Re-Stared,188,Sinc Re-Stared,05,SRS05.zip,https://vtrd.in/press/srs/SRS05.zip
2,Spectrum Expert,205,Spectrum Expert,01 (orig),SP_EXP1O.zip,https://vtrd.in/press/sp_exper/SP_EXP1O.zip
2,Spectrum Expert,205,Spectrum Expert,02 (orig),SP_EXP2O.zip,https://vtrd.in/press/sp_exper/SP_EXP2O.zip
2,Spectrum Progress,208,Spectrum Progress,01 (crack),SP_PROG1.ZIP,https://vtrd.in/press/sp_progr/SP_PROG1.ZIP
2,Spectrum Progress,208,Spectrum Progress,01 (orig),SPROGR1O.zip,https://vtrd.in/press/sp_progr/SPROGR1O.zip
1,Amiga News (Krivoy Rog),14,Amiga News,02,AMMYNWS2.zip,https://vtrd.in/press/amiganew/AMMYNWS2.zip
1,Body,28,Body,37,BODY_37.ZIP,https://vtrd.in/press/body/BODY_37.ZIP
1,Burn the Lighter,307,Burn the Lighter,02 (beta),BTL_002B.zip,https://vtrd.in/press/btl/BTL_002B.zip
1,Deja Vu,50,Deja Vu,02 (udi),DV2_PROT.zip,https://vtrd.in/press/dejavu/DV2_PROT.zip
1,EMSlog,65,EMSlog,02,EMSLOG2.ZIP,https://vtrd.in/press/emslog/EMSLOG2.ZIP
1,Fantasy,328,Fantasy,03,FANTASY3.zip,https://vtrd.in/press/fantasy/FANTASY3.zip
1,Faultless,76,Faultless,07fake,FAULTL7.ZIP,https://vtrd.in/press/faultles/FAULTL7.ZIP
1,My Speccy,132,My Speccy,All,MYSPECCY.ZIP,https://vtrd.in/press/myspeccy/MYSPECCY.ZIP
2,Open Letters (is-dos),299,Open Letters,11,OL11.zip,https://vtrd.in/press/openlet/OL11.zip
2,Paradox,155,Paradox,00 (orig),PARAD00.ZIP,https://vtrd.in/press/paradox/PARAD00.ZIP
2,Prikoly (Приколы),317,Prikoly,01,PRIKOLY1.zip,https://vtrd.in/press/prikoly/PRIKOLY1.zip
2,Punk,169,Punk,01,PUNK01.zip,https://vtrd.in/press/punk/PUNK01.zip
2,Read Me,170,Read Me,01 Demo,README1D.zip,https://vtrd.in/press/readme/README1D.zip
2,Scene+,315,Scene+,71 (pdf),SCENE+71.zip,https://vtrd.in/press/scene/SCENE+71.zip
2,Scenergy,181,Scenergy,FA,FA.ZIP,https://vtrd.in/press/scenergy/FA.ZIP
2,Sinc Re-Stared Reborn (pdf),188,Sinc Re-Stared,00,SRSREB0.zip,https://vtrd.in/press/srsreb/SRSREB0.zip
2,Sinclair Classic,313,Sinclair Classic,S,SCLASS_S.ZIP,https://vtrd.in/press/sclass/SCLASS_S.ZIP
2,Sinclair News (Italy) (pdf),190,Sinclair News,00,SN_IT_0.zip,https://vtrd.in/press/snit/SN_IT_0.zip
2,Skimer,192,Skimer,03,SKIMER03.zip,https://vtrd.in/press/skimer/SKIMER03.zip
2,WeekEnd,236,WeekEnd,00,WEEKEND0.zip,https://vtrd.in/press/weekend/WEEKEND0.zip
2,Weekend (pdf),236,WeekEnd,19,WEEKIZ19.zip,https://vtrd.in/press/weekiz/WEEKIZ19.zip
2,Woot!,341,Woot!,02,WOOT!_02.zip,https://vtrd.in/press/woot/WOOT!_02.zip
2,ZX Land,303,ZX Land,02 (orig),ZXLAND2O.zip,https://vtrd.in/press/zxland/ZXLAND2O.zip
2,ZX Park,273,ZX Park,??,ZXPARKIN.ZIP,https://vtrd.in/press/zx-park/ZXPARKIN.ZIP
2,ZX-News (Ivanovo),269,ZX-News,0,ZX-NEWS.zip,https://vtrd.in/press/zx-newsi/ZX-NEWS.zip
